{
  "cell_x": 800.0,
  "cell_y": 800.0,
  "cell_t": 6.0,
  "lon_min": -74.3,
  "lat_min": 40.45,
  "lon_max": -73.6,
  "lat_max": 40.95,
  "minx": -8271038.165940226,
  "miny": 4931552.160541192,
  "maxx": -8193114.522384935,
  "maxy": 5004969.470230385,
  "Nx": 98,
  "Ny": 92,
  "Nt": 1460,
  "time_max": 8760,
  "reference_time": "2023-01-01 00:00:00",
  "batch_size": 500000
}